[
{
  "model": "admin.logentry",
  "pk": 1,
  "fields": {
    "action_time": "2025-10-16T12:36:14.277",
    "user": 1,
    "content_type": 33,
    "object_id": "1",
    "object_repr": "admin|True",
    "action_flag": 1,
    "change_message": "[{\"added\": {}}, {\"added\": {\"name\": \"user_profile_detail_function\", \"object\": \"user_profile_detail_function object (1)\"}}, {\"added\": {\"name\": \"user_profile_detail_function\", \"object\": \"user_profile_detail_function object (2)\"}}, {\"added\": {\"name\": \"user_profile_detail_function\", \"object\": \"user_profile_detail_function object (3)\"}}, {\"added\": {\"name\": \"user_profile_detail_function\", \"object\": \"user_profile_detail_function object (4)\"}}, {\"added\": {\"name\": \"user_profile_detail_function\", \"object\": \"user_profile_detail_function object (5)\"}}, {\"added\": {\"name\": \"user_profile_detail_function\", \"object\": \"user_profile_detail_function object (6)\"}}, {\"added\": {\"name\": \"user_profile_detail_function\", \"object\": \"user_profile_detail_function object (7)\"}}, {\"added\": {\"name\": \"user_profile_detail_function\", \"object\": \"user_profile_detail_function object (8)\"}}, {\"added\": {\"name\": \"user_profile_detail_function\", \"object\": \"user_profile_detail_function object (9)\"}}, {\"added\": {\"name\": \"user_profile_detail_function\", \"object\": \"user_profile_detail_function object (10)\"}}, {\"added\": {\"name\": \"user_profile_detail_function\", \"object\": \"user_profile_detail_function object (11)\"}}, {\"added\": {\"name\": \"user_profile_detail_function\", \"object\": \"user_profile_detail_function object (12)\"}}, {\"added\": {\"name\": \"user_profile_detail_function\", \"object\": \"user_profile_detail_function object (13)\"}}, {\"added\": {\"name\": \"user_profile_detail_function\", \"object\": \"user_profile_detail_function object (14)\"}}, {\"added\": {\"name\": \"user_profile_detail_function\", \"object\": \"user_profile_detail_function object (15)\"}}, {\"added\": {\"name\": \"user_profile_detail_function\", \"object\": \"user_profile_detail_function object (16)\"}}]"
  }
},
{
  "model": "auth.permission",
  "pk": 1,
  "fields": {
    "name": "Can add log entry",
    "content_type": 1,
    "codename": "add_logentry"
  }
},
{
  "model": "auth.permission",
  "pk": 2,
  "fields": {
    "name": "Can change log entry",
    "content_type": 1,
    "codename": "change_logentry"
  }
},
{
  "model": "auth.permission",
  "pk": 3,
  "fields": {
    "name": "Can delete log entry",
    "content_type": 1,
    "codename": "delete_logentry"
  }
},
{
  "model": "auth.permission",
  "pk": 4,
  "fields": {
    "name": "Can view log entry",
    "content_type": 1,
    "codename": "view_logentry"
  }
},
{
  "model": "auth.permission",
  "pk": 5,
  "fields": {
    "name": "Can add permission",
    "content_type": 2,
    "codename": "add_permission"
  }
},
{
  "model": "auth.permission",
  "pk": 6,
  "fields": {
    "name": "Can change permission",
    "content_type": 2,
    "codename": "change_permission"
  }
},
{
  "model": "auth.permission",
  "pk": 7,
  "fields": {
    "name": "Can delete permission",
    "content_type": 2,
    "codename": "delete_permission"
  }
},
{
  "model": "auth.permission",
  "pk": 8,
  "fields": {
    "name": "Can view permission",
    "content_type": 2,
    "codename": "view_permission"
  }
},
{
  "model": "auth.permission",
  "pk": 9,
  "fields": {
    "name": "Can add group",
    "content_type": 3,
    "codename": "add_group"
  }
},
{
  "model": "auth.permission",
  "pk": 10,
  "fields": {
    "name": "Can change group",
    "content_type": 3,
    "codename": "change_group"
  }
},
{
  "model": "auth.permission",
  "pk": 11,
  "fields": {
    "name": "Can delete group",
    "content_type": 3,
    "codename": "delete_group"
  }
},
{
  "model": "auth.permission",
  "pk": 12,
  "fields": {
    "name": "Can view group",
    "content_type": 3,
    "codename": "view_group"
  }
},
{
  "model": "auth.permission",
  "pk": 13,
  "fields": {
    "name": "Can add user",
    "content_type": 4,
    "codename": "add_user"
  }
},
{
  "model": "auth.permission",
  "pk": 14,
  "fields": {
    "name": "Can change user",
    "content_type": 4,
    "codename": "change_user"
  }
},
{
  "model": "auth.permission",
  "pk": 15,
  "fields": {
    "name": "Can delete user",
    "content_type": 4,
    "codename": "delete_user"
  }
},
{
  "model": "auth.permission",
  "pk": 16,
  "fields": {
    "name": "Can view user",
    "content_type": 4,
    "codename": "view_user"
  }
},
{
  "model": "auth.permission",
  "pk": 17,
  "fields": {
    "name": "Can add content type",
    "content_type": 5,
    "codename": "add_contenttype"
  }
},
{
  "model": "auth.permission",
  "pk": 18,
  "fields": {
    "name": "Can change content type",
    "content_type": 5,
    "codename": "change_contenttype"
  }
},
{
  "model": "auth.permission",
  "pk": 19,
  "fields": {
    "name": "Can delete content type",
    "content_type": 5,
    "codename": "delete_contenttype"
  }
},
{
  "model": "auth.permission",
  "pk": 20,
  "fields": {
    "name": "Can view content type",
    "content_type": 5,
    "codename": "view_contenttype"
  }
},
{
  "model": "auth.permission",
  "pk": 21,
  "fields": {
    "name": "Can add session",
    "content_type": 6,
    "codename": "add_session"
  }
},
{
  "model": "auth.permission",
  "pk": 22,
  "fields": {
    "name": "Can change session",
    "content_type": 6,
    "codename": "change_session"
  }
},
{
  "model": "auth.permission",
  "pk": 23,
  "fields": {
    "name": "Can delete session",
    "content_type": 6,
    "codename": "delete_session"
  }
},
{
  "model": "auth.permission",
  "pk": 24,
  "fields": {
    "name": "Can view session",
    "content_type": 6,
    "codename": "view_session"
  }
},
{
  "model": "auth.permission",
  "pk": 25,
  "fields": {
    "name": "Can add site",
    "content_type": 7,
    "codename": "add_site"
  }
},
{
  "model": "auth.permission",
  "pk": 26,
  "fields": {
    "name": "Can change site",
    "content_type": 7,
    "codename": "change_site"
  }
},
{
  "model": "auth.permission",
  "pk": 27,
  "fields": {
    "name": "Can delete site",
    "content_type": 7,
    "codename": "delete_site"
  }
},
{
  "model": "auth.permission",
  "pk": 28,
  "fields": {
    "name": "Can view site",
    "content_type": 7,
    "codename": "view_site"
  }
},
{
  "model": "auth.permission",
  "pk": 29,
  "fields": {
    "name": "Can add email address",
    "content_type": 8,
    "codename": "add_emailaddress"
  }
},
{
  "model": "auth.permission",
  "pk": 30,
  "fields": {
    "name": "Can change email address",
    "content_type": 8,
    "codename": "change_emailaddress"
  }
},
{
  "model": "auth.permission",
  "pk": 31,
  "fields": {
    "name": "Can delete email address",
    "content_type": 8,
    "codename": "delete_emailaddress"
  }
},
{
  "model": "auth.permission",
  "pk": 32,
  "fields": {
    "name": "Can view email address",
    "content_type": 8,
    "codename": "view_emailaddress"
  }
},
{
  "model": "auth.permission",
  "pk": 33,
  "fields": {
    "name": "Can add email confirmation",
    "content_type": 9,
    "codename": "add_emailconfirmation"
  }
},
{
  "model": "auth.permission",
  "pk": 34,
  "fields": {
    "name": "Can change email confirmation",
    "content_type": 9,
    "codename": "change_emailconfirmation"
  }
},
{
  "model": "auth.permission",
  "pk": 35,
  "fields": {
    "name": "Can delete email confirmation",
    "content_type": 9,
    "codename": "delete_emailconfirmation"
  }
},
{
  "model": "auth.permission",
  "pk": 36,
  "fields": {
    "name": "Can view email confirmation",
    "content_type": 9,
    "codename": "view_emailconfirmation"
  }
},
{
  "model": "auth.permission",
  "pk": 37,
  "fields": {
    "name": "Can add customer",
    "content_type": 10,
    "codename": "add_customer"
  }
},
{
  "model": "auth.permission",
  "pk": 38,
  "fields": {
    "name": "Can change customer",
    "content_type": 10,
    "codename": "change_customer"
  }
},
{
  "model": "auth.permission",
  "pk": 39,
  "fields": {
    "name": "Can delete customer",
    "content_type": 10,
    "codename": "delete_customer"
  }
},
{
  "model": "auth.permission",
  "pk": 40,
  "fields": {
    "name": "Can view customer",
    "content_type": 10,
    "codename": "view_customer"
  }
},
{
  "model": "auth.permission",
  "pk": 41,
  "fields": {
    "name": "Can add customer_introducers",
    "content_type": 11,
    "codename": "add_customer_introducers"
  }
},
{
  "model": "auth.permission",
  "pk": 42,
  "fields": {
    "name": "Can change customer_introducers",
    "content_type": 11,
    "codename": "change_customer_introducers"
  }
},
{
  "model": "auth.permission",
  "pk": 43,
  "fields": {
    "name": "Can delete customer_introducers",
    "content_type": 11,
    "codename": "delete_customer_introducers"
  }
},
{
  "model": "auth.permission",
  "pk": 44,
  "fields": {
    "name": "Can view customer_introducers",
    "content_type": 11,
    "codename": "view_customer_introducers"
  }
},
{
  "model": "auth.permission",
  "pk": 45,
  "fields": {
    "name": "Can add customer care",
    "content_type": 12,
    "codename": "add_customercare"
  }
},
{
  "model": "auth.permission",
  "pk": 46,
  "fields": {
    "name": "Can change customer care",
    "content_type": 12,
    "codename": "change_customercare"
  }
},
{
  "model": "auth.permission",
  "pk": 47,
  "fields": {
    "name": "Can delete customer care",
    "content_type": 12,
    "codename": "delete_customercare"
  }
},
{
  "model": "auth.permission",
  "pk": 48,
  "fields": {
    "name": "Can view customer care",
    "content_type": 12,
    "codename": "view_customercare"
  }
},
{
  "model": "auth.permission",
  "pk": 49,
  "fields": {
    "name": "Can add customer level",
    "content_type": 13,
    "codename": "add_customerlevel"
  }
},
{
  "model": "auth.permission",
  "pk": 50,
  "fields": {
    "name": "Can change customer level",
    "content_type": 13,
    "codename": "change_customerlevel"
  }
},
{
  "model": "auth.permission",
  "pk": 51,
  "fields": {
    "name": "Can delete customer level",
    "content_type": 13,
    "codename": "delete_customerlevel"
  }
},
{
  "model": "auth.permission",
  "pk": 52,
  "fields": {
    "name": "Can view customer level",
    "content_type": 13,
    "codename": "view_customerlevel"
  }
},
{
  "model": "auth.permission",
  "pk": 53,
  "fields": {
    "name": "Can add customer problem",
    "content_type": 14,
    "codename": "add_customerproblem"
  }
},
{
  "model": "auth.permission",
  "pk": 54,
  "fields": {
    "name": "Can change customer problem",
    "content_type": 14,
    "codename": "change_customerproblem"
  }
},
{
  "model": "auth.permission",
  "pk": 55,
  "fields": {
    "name": "Can delete customer problem",
    "content_type": 14,
    "codename": "delete_customerproblem"
  }
},
{
  "model": "auth.permission",
  "pk": 56,
  "fields": {
    "name": "Can view customer problem",
    "content_type": 14,
    "codename": "view_customerproblem"
  }
},
{
  "model": "auth.permission",
  "pk": 57,
  "fields": {
    "name": "Can add customer request",
    "content_type": 15,
    "codename": "add_customerrequest"
  }
},
{
  "model": "auth.permission",
  "pk": 58,
  "fields": {
    "name": "Can change customer request",
    "content_type": 15,
    "codename": "change_customerrequest"
  }
},
{
  "model": "auth.permission",
  "pk": 59,
  "fields": {
    "name": "Can delete customer request",
    "content_type": 15,
    "codename": "delete_customerrequest"
  }
},
{
  "model": "auth.permission",
  "pk": 60,
  "fields": {
    "name": "Can view customer request",
    "content_type": 15,
    "codename": "view_customerrequest"
  }
},
{
  "model": "auth.permission",
  "pk": 61,
  "fields": {
    "name": "Can add customer running number",
    "content_type": 16,
    "codename": "add_customerrunningnumber"
  }
},
{
  "model": "auth.permission",
  "pk": 62,
  "fields": {
    "name": "Can change customer running number",
    "content_type": 16,
    "codename": "change_customerrunningnumber"
  }
},
{
  "model": "auth.permission",
  "pk": 63,
  "fields": {
    "name": "Can delete customer running number",
    "content_type": 16,
    "codename": "delete_customerrunningnumber"
  }
},
{
  "model": "auth.permission",
  "pk": 64,
  "fields": {
    "name": "Can view customer running number",
    "content_type": 16,
    "codename": "view_customerrunningnumber"
  }
},
{
  "model": "auth.permission",
  "pk": 65,
  "fields": {
    "name": "Can add feed back",
    "content_type": 17,
    "codename": "add_feedback"
  }
},
{
  "model": "auth.permission",
  "pk": 66,
  "fields": {
    "name": "Can change feed back",
    "content_type": 17,
    "codename": "change_feedback"
  }
},
{
  "model": "auth.permission",
  "pk": 67,
  "fields": {
    "name": "Can delete feed back",
    "content_type": 17,
    "codename": "delete_feedback"
  }
},
{
  "model": "auth.permission",
  "pk": 68,
  "fields": {
    "name": "Can view feed back",
    "content_type": 17,
    "codename": "view_feedback"
  }
},
{
  "model": "auth.permission",
  "pk": 69,
  "fields": {
    "name": "Can add lead status",
    "content_type": 18,
    "codename": "add_leadstatus"
  }
},
{
  "model": "auth.permission",
  "pk": 70,
  "fields": {
    "name": "Can change lead status",
    "content_type": 18,
    "codename": "change_leadstatus"
  }
},
{
  "model": "auth.permission",
  "pk": 71,
  "fields": {
    "name": "Can delete lead status",
    "content_type": 18,
    "codename": "delete_leadstatus"
  }
},
{
  "model": "auth.permission",
  "pk": 72,
  "fields": {
    "name": "Can view lead status",
    "content_type": 18,
    "codename": "view_leadstatus"
  }
},
{
  "model": "auth.permission",
  "pk": 73,
  "fields": {
    "name": "Can add treatment state",
    "content_type": 19,
    "codename": "add_treatmentstate"
  }
},
{
  "model": "auth.permission",
  "pk": 74,
  "fields": {
    "name": "Can change treatment state",
    "content_type": 19,
    "codename": "change_treatmentstate"
  }
},
{
  "model": "auth.permission",
  "pk": 75,
  "fields": {
    "name": "Can delete treatment state",
    "content_type": 19,
    "codename": "delete_treatmentstate"
  }
},
{
  "model": "auth.permission",
  "pk": 76,
  "fields": {
    "name": "Can view treatment state",
    "content_type": 19,
    "codename": "view_treatmentstate"
  }
},
{
  "model": "auth.permission",
  "pk": 77,
  "fields": {
    "name": "Can add referral",
    "content_type": 20,
    "codename": "add_referral"
  }
},
{
  "model": "auth.permission",
  "pk": 78,
  "fields": {
    "name": "Can change referral",
    "content_type": 20,
    "codename": "change_referral"
  }
},
{
  "model": "auth.permission",
  "pk": 79,
  "fields": {
    "name": "Can delete referral",
    "content_type": 20,
    "codename": "delete_referral"
  }
},
{
  "model": "auth.permission",
  "pk": 80,
  "fields": {
    "name": "Can view referral",
    "content_type": 20,
    "codename": "view_referral"
  }
},
{
  "model": "auth.permission",
  "pk": 81,
  "fields": {
    "name": "Can add commission",
    "content_type": 21,
    "codename": "add_commission"
  }
},
{
  "model": "auth.permission",
  "pk": 82,
  "fields": {
    "name": "Can change commission",
    "content_type": 21,
    "codename": "change_commission"
  }
},
{
  "model": "auth.permission",
  "pk": 83,
  "fields": {
    "name": "Can delete commission",
    "content_type": 21,
    "codename": "delete_commission"
  }
},
{
  "model": "auth.permission",
  "pk": 84,
  "fields": {
    "name": "Can view commission",
    "content_type": 21,
    "codename": "view_commission"
  }
},
{
  "model": "auth.permission",
  "pk": 85,
  "fields": {
    "name": "Can add department",
    "content_type": 22,
    "codename": "add_department"
  }
},
{
  "model": "auth.permission",
  "pk": 86,
  "fields": {
    "name": "Can change department",
    "content_type": 22,
    "codename": "change_department"
  }
},
{
  "model": "auth.permission",
  "pk": 87,
  "fields": {
    "name": "Can delete department",
    "content_type": 22,
    "codename": "delete_department"
  }
},
{
  "model": "auth.permission",
  "pk": 88,
  "fields": {
    "name": "Can view department",
    "content_type": 22,
    "codename": "view_department"
  }
},
{
  "model": "auth.permission",
  "pk": 89,
  "fields": {
    "name": "Can add detail function",
    "content_type": 23,
    "codename": "add_detailfunction"
  }
},
{
  "model": "auth.permission",
  "pk": 90,
  "fields": {
    "name": "Can change detail function",
    "content_type": 23,
    "codename": "change_detailfunction"
  }
},
{
  "model": "auth.permission",
  "pk": 91,
  "fields": {
    "name": "Can delete detail function",
    "content_type": 23,
    "codename": "delete_detailfunction"
  }
},
{
  "model": "auth.permission",
  "pk": 92,
  "fields": {
    "name": "Can view detail function",
    "content_type": 23,
    "codename": "view_detailfunction"
  }
},
{
  "model": "auth.permission",
  "pk": 93,
  "fields": {
    "name": "Can add discount",
    "content_type": 24,
    "codename": "add_discount"
  }
},
{
  "model": "auth.permission",
  "pk": 94,
  "fields": {
    "name": "Can change discount",
    "content_type": 24,
    "codename": "change_discount"
  }
},
{
  "model": "auth.permission",
  "pk": 95,
  "fields": {
    "name": "Can delete discount",
    "content_type": 24,
    "codename": "delete_discount"
  }
},
{
  "model": "auth.permission",
  "pk": 96,
  "fields": {
    "name": "Can view discount",
    "content_type": 24,
    "codename": "view_discount"
  }
},
{
  "model": "auth.permission",
  "pk": 97,
  "fields": {
    "name": "Can add floor",
    "content_type": 25,
    "codename": "add_floor"
  }
},
{
  "model": "auth.permission",
  "pk": 98,
  "fields": {
    "name": "Can change floor",
    "content_type": 25,
    "codename": "change_floor"
  }
},
{
  "model": "auth.permission",
  "pk": 99,
  "fields": {
    "name": "Can delete floor",
    "content_type": 25,
    "codename": "delete_floor"
  }
},
{
  "model": "auth.permission",
  "pk": 100,
  "fields": {
    "name": "Can view floor",
    "content_type": 25,
    "codename": "view_floor"
  }
},
{
  "model": "auth.permission",
  "pk": 101,
  "fields": {
    "name": "Can add function category",
    "content_type": 26,
    "codename": "add_functioncategory"
  }
},
{
  "model": "auth.permission",
  "pk": 102,
  "fields": {
    "name": "Can change function category",
    "content_type": 26,
    "codename": "change_functioncategory"
  }
},
{
  "model": "auth.permission",
  "pk": 103,
  "fields": {
    "name": "Can delete function category",
    "content_type": 26,
    "codename": "delete_functioncategory"
  }
},
{
  "model": "auth.permission",
  "pk": 104,
  "fields": {
    "name": "Can view function category",
    "content_type": 26,
    "codename": "view_functioncategory"
  }
},
{
  "model": "auth.permission",
  "pk": 105,
  "fields": {
    "name": "Can add lead source",
    "content_type": 27,
    "codename": "add_leadsource"
  }
},
{
  "model": "auth.permission",
  "pk": 106,
  "fields": {
    "name": "Can change lead source",
    "content_type": 27,
    "codename": "change_leadsource"
  }
},
{
  "model": "auth.permission",
  "pk": 107,
  "fields": {
    "name": "Can delete lead source",
    "content_type": 27,
    "codename": "delete_leadsource"
  }
},
{
  "model": "auth.permission",
  "pk": 108,
  "fields": {
    "name": "Can view lead source",
    "content_type": 27,
    "codename": "view_leadsource"
  }
},
{
  "model": "auth.permission",
  "pk": 109,
  "fields": {
    "name": "Can add lead source actor",
    "content_type": 28,
    "codename": "add_leadsourceactor"
  }
},
{
  "model": "auth.permission",
  "pk": 110,
  "fields": {
    "name": "Can change lead source actor",
    "content_type": 28,
    "codename": "change_leadsourceactor"
  }
},
{
  "model": "auth.permission",
  "pk": 111,
  "fields": {
    "name": "Can delete lead source actor",
    "content_type": 28,
    "codename": "delete_leadsourceactor"
  }
},
{
  "model": "auth.permission",
  "pk": 112,
  "fields": {
    "name": "Can view lead source actor",
    "content_type": 28,
    "codename": "view_leadsourceactor"
  }
},
{
  "model": "auth.permission",
  "pk": 113,
  "fields": {
    "name": "Can add position",
    "content_type": 29,
    "codename": "add_position"
  }
},
{
  "model": "auth.permission",
  "pk": 114,
  "fields": {
    "name": "Can change position",
    "content_type": 29,
    "codename": "change_position"
  }
},
{
  "model": "auth.permission",
  "pk": 115,
  "fields": {
    "name": "Can delete position",
    "content_type": 29,
    "codename": "delete_position"
  }
},
{
  "model": "auth.permission",
  "pk": 116,
  "fields": {
    "name": "Can view position",
    "content_type": 29,
    "codename": "view_position"
  }
},
{
  "model": "auth.permission",
  "pk": 117,
  "fields": {
    "name": "Can add test service",
    "content_type": 30,
    "codename": "add_testservice"
  }
},
{
  "model": "auth.permission",
  "pk": 118,
  "fields": {
    "name": "Can change test service",
    "content_type": 30,
    "codename": "change_testservice"
  }
},
{
  "model": "auth.permission",
  "pk": 119,
  "fields": {
    "name": "Can delete test service",
    "content_type": 30,
    "codename": "delete_testservice"
  }
},
{
  "model": "auth.permission",
  "pk": 120,
  "fields": {
    "name": "Can view test service",
    "content_type": 30,
    "codename": "view_testservice"
  }
},
{
  "model": "auth.permission",
  "pk": 121,
  "fields": {
    "name": "Can add treatment package",
    "content_type": 31,
    "codename": "add_treatmentpackage"
  }
},
{
  "model": "auth.permission",
  "pk": 122,
  "fields": {
    "name": "Can change treatment package",
    "content_type": 31,
    "codename": "change_treatmentpackage"
  }
},
{
  "model": "auth.permission",
  "pk": 123,
  "fields": {
    "name": "Can delete treatment package",
    "content_type": 31,
    "codename": "delete_treatmentpackage"
  }
},
{
  "model": "auth.permission",
  "pk": 124,
  "fields": {
    "name": "Can view treatment package",
    "content_type": 31,
    "codename": "view_treatmentpackage"
  }
},
{
  "model": "auth.permission",
  "pk": 125,
  "fields": {
    "name": "Can add user_profile_detail_function",
    "content_type": 32,
    "codename": "add_user_profile_detail_function"
  }
},
{
  "model": "auth.permission",
  "pk": 126,
  "fields": {
    "name": "Can change user_profile_detail_function",
    "content_type": 32,
    "codename": "change_user_profile_detail_function"
  }
},
{
  "model": "auth.permission",
  "pk": 127,
  "fields": {
    "name": "Can delete user_profile_detail_function",
    "content_type": 32,
    "codename": "delete_user_profile_detail_function"
  }
},
{
  "model": "auth.permission",
  "pk": 128,
  "fields": {
    "name": "Can view user_profile_detail_function",
    "content_type": 32,
    "codename": "view_user_profile_detail_function"
  }
},
{
  "model": "auth.permission",
  "pk": 129,
  "fields": {
    "name": "Can add user profile",
    "content_type": 33,
    "codename": "add_userprofile"
  }
},
{
  "model": "auth.permission",
  "pk": 130,
  "fields": {
    "name": "Can change user profile",
    "content_type": 33,
    "codename": "change_userprofile"
  }
},
{
  "model": "auth.permission",
  "pk": 131,
  "fields": {
    "name": "Can delete user profile",
    "content_type": 33,
    "codename": "delete_userprofile"
  }
},
{
  "model": "auth.permission",
  "pk": 132,
  "fields": {
    "name": "Can view user profile",
    "content_type": 33,
    "codename": "view_userprofile"
  }
},
{
  "model": "auth.permission",
  "pk": 133,
  "fields": {
    "name": "Can add unit",
    "content_type": 34,
    "codename": "add_unit"
  }
},
{
  "model": "auth.permission",
  "pk": 134,
  "fields": {
    "name": "Can change unit",
    "content_type": 34,
    "codename": "change_unit"
  }
},
{
  "model": "auth.permission",
  "pk": 135,
  "fields": {
    "name": "Can delete unit",
    "content_type": 34,
    "codename": "delete_unit"
  }
},
{
  "model": "auth.permission",
  "pk": 136,
  "fields": {
    "name": "Can view unit",
    "content_type": 34,
    "codename": "view_unit"
  }
},
{
  "model": "auth.permission",
  "pk": 137,
  "fields": {
    "name": "Can add time frame",
    "content_type": 35,
    "codename": "add_timeframe"
  }
},
{
  "model": "auth.permission",
  "pk": 138,
  "fields": {
    "name": "Can change time frame",
    "content_type": 35,
    "codename": "change_timeframe"
  }
},
{
  "model": "auth.permission",
  "pk": 139,
  "fields": {
    "name": "Can delete time frame",
    "content_type": 35,
    "codename": "delete_timeframe"
  }
},
{
  "model": "auth.permission",
  "pk": 140,
  "fields": {
    "name": "Can view time frame",
    "content_type": 35,
    "codename": "view_timeframe"
  }
},
{
  "model": "auth.permission",
  "pk": 141,
  "fields": {
    "name": "Can add protocol",
    "content_type": 36,
    "codename": "add_protocol"
  }
},
{
  "model": "auth.permission",
  "pk": 142,
  "fields": {
    "name": "Can change protocol",
    "content_type": 36,
    "codename": "change_protocol"
  }
},
{
  "model": "auth.permission",
  "pk": 143,
  "fields": {
    "name": "Can delete protocol",
    "content_type": 36,
    "codename": "delete_protocol"
  }
},
{
  "model": "auth.permission",
  "pk": 144,
  "fields": {
    "name": "Can view protocol",
    "content_type": 36,
    "codename": "view_protocol"
  }
},
{
  "model": "auth.permission",
  "pk": 145,
  "fields": {
    "name": "Can add facility",
    "content_type": 37,
    "codename": "add_facility"
  }
},
{
  "model": "auth.permission",
  "pk": 146,
  "fields": {
    "name": "Can change facility",
    "content_type": 37,
    "codename": "change_facility"
  }
},
{
  "model": "auth.permission",
  "pk": 147,
  "fields": {
    "name": "Can delete facility",
    "content_type": 37,
    "codename": "delete_facility"
  }
},
{
  "model": "auth.permission",
  "pk": 148,
  "fields": {
    "name": "Can view facility",
    "content_type": 37,
    "codename": "view_facility"
  }
},
{
  "model": "auth.permission",
  "pk": 149,
  "fields": {
    "name": "Can add product",
    "content_type": 38,
    "codename": "add_product"
  }
},
{
  "model": "auth.permission",
  "pk": 150,
  "fields": {
    "name": "Can change product",
    "content_type": 38,
    "codename": "change_product"
  }
},
{
  "model": "auth.permission",
  "pk": 151,
  "fields": {
    "name": "Can delete product",
    "content_type": 38,
    "codename": "delete_product"
  }
},
{
  "model": "auth.permission",
  "pk": 152,
  "fields": {
    "name": "Can view product",
    "content_type": 38,
    "codename": "view_product"
  }
},
{
  "model": "auth.permission",
  "pk": 153,
  "fields": {
    "name": "Can add service",
    "content_type": 39,
    "codename": "add_service"
  }
},
{
  "model": "auth.permission",
  "pk": 154,
  "fields": {
    "name": "Can change service",
    "content_type": 39,
    "codename": "change_service"
  }
},
{
  "model": "auth.permission",
  "pk": 155,
  "fields": {
    "name": "Can delete service",
    "content_type": 39,
    "codename": "delete_service"
  }
},
{
  "model": "auth.permission",
  "pk": 156,
  "fields": {
    "name": "Can view service",
    "content_type": 39,
    "codename": "view_service"
  }
},
{
  "model": "auth.permission",
  "pk": 157,
  "fields": {
    "name": "Can add supplier",
    "content_type": 40,
    "codename": "add_supplier"
  }
},
{
  "model": "auth.permission",
  "pk": 158,
  "fields": {
    "name": "Can change supplier",
    "content_type": 40,
    "codename": "change_supplier"
  }
},
{
  "model": "auth.permission",
  "pk": 159,
  "fields": {
    "name": "Can delete supplier",
    "content_type": 40,
    "codename": "delete_supplier"
  }
},
{
  "model": "auth.permission",
  "pk": 160,
  "fields": {
    "name": "Can view supplier",
    "content_type": 40,
    "codename": "view_supplier"
  }
},
{
  "model": "auth.permission",
  "pk": 161,
  "fields": {
    "name": "Can add warehouse",
    "content_type": 41,
    "codename": "add_warehouse"
  }
},
{
  "model": "auth.permission",
  "pk": 162,
  "fields": {
    "name": "Can change warehouse",
    "content_type": 41,
    "codename": "change_warehouse"
  }
},
{
  "model": "auth.permission",
  "pk": 163,
  "fields": {
    "name": "Can delete warehouse",
    "content_type": 41,
    "codename": "delete_warehouse"
  }
},
{
  "model": "auth.permission",
  "pk": 164,
  "fields": {
    "name": "Can view warehouse",
    "content_type": 41,
    "codename": "view_warehouse"
  }
},
{
  "model": "auth.permission",
  "pk": 165,
  "fields": {
    "name": "Can add techical setting",
    "content_type": 42,
    "codename": "add_techicalsetting"
  }
},
{
  "model": "auth.permission",
  "pk": 166,
  "fields": {
    "name": "Can change techical setting",
    "content_type": 42,
    "codename": "change_techicalsetting"
  }
},
{
  "model": "auth.permission",
  "pk": 167,
  "fields": {
    "name": "Can delete techical setting",
    "content_type": 42,
    "codename": "delete_techicalsetting"
  }
},
{
  "model": "auth.permission",
  "pk": 168,
  "fields": {
    "name": "Can view techical setting",
    "content_type": 42,
    "codename": "view_techicalsetting"
  }
},
{
  "model": "auth.permission",
  "pk": 169,
  "fields": {
    "name": "Can add stock out",
    "content_type": 43,
    "codename": "add_stockout"
  }
},
{
  "model": "auth.permission",
  "pk": 170,
  "fields": {
    "name": "Can change stock out",
    "content_type": 43,
    "codename": "change_stockout"
  }
},
{
  "model": "auth.permission",
  "pk": 171,
  "fields": {
    "name": "Can delete stock out",
    "content_type": 43,
    "codename": "delete_stockout"
  }
},
{
  "model": "auth.permission",
  "pk": 172,
  "fields": {
    "name": "Can view stock out",
    "content_type": 43,
    "codename": "view_stockout"
  }
},
{
  "model": "auth.permission",
  "pk": 173,
  "fields": {
    "name": "Can add stock in",
    "content_type": 44,
    "codename": "add_stockin"
  }
},
{
  "model": "auth.permission",
  "pk": 174,
  "fields": {
    "name": "Can change stock in",
    "content_type": 44,
    "codename": "change_stockin"
  }
},
{
  "model": "auth.permission",
  "pk": 175,
  "fields": {
    "name": "Can delete stock in",
    "content_type": 44,
    "codename": "delete_stockin"
  }
},
{
  "model": "auth.permission",
  "pk": 176,
  "fields": {
    "name": "Can view stock in",
    "content_type": 44,
    "codename": "view_stockin"
  }
},
{
  "model": "auth.permission",
  "pk": 177,
  "fields": {
    "name": "Can add service treatment package",
    "content_type": 45,
    "codename": "add_servicetreatmentpackage"
  }
},
{
  "model": "auth.permission",
  "pk": 178,
  "fields": {
    "name": "Can change service treatment package",
    "content_type": 45,
    "codename": "change_servicetreatmentpackage"
  }
},
{
  "model": "auth.permission",
  "pk": 179,
  "fields": {
    "name": "Can delete service treatment package",
    "content_type": 45,
    "codename": "delete_servicetreatmentpackage"
  }
},
{
  "model": "auth.permission",
  "pk": 180,
  "fields": {
    "name": "Can view service treatment package",
    "content_type": 45,
    "codename": "view_servicetreatmentpackage"
  }
},
{
  "model": "auth.permission",
  "pk": 181,
  "fields": {
    "name": "Can add service technical setting",
    "content_type": 46,
    "codename": "add_servicetechnicalsetting"
  }
},
{
  "model": "auth.permission",
  "pk": 182,
  "fields": {
    "name": "Can change service technical setting",
    "content_type": 46,
    "codename": "change_servicetechnicalsetting"
  }
},
{
  "model": "auth.permission",
  "pk": 183,
  "fields": {
    "name": "Can delete service technical setting",
    "content_type": 46,
    "codename": "delete_servicetechnicalsetting"
  }
},
{
  "model": "auth.permission",
  "pk": 184,
  "fields": {
    "name": "Can view service technical setting",
    "content_type": 46,
    "codename": "view_servicetechnicalsetting"
  }
},
{
  "model": "auth.permission",
  "pk": 185,
  "fields": {
    "name": "Can add maintenance",
    "content_type": 47,
    "codename": "add_maintenance"
  }
},
{
  "model": "auth.permission",
  "pk": 186,
  "fields": {
    "name": "Can change maintenance",
    "content_type": 47,
    "codename": "change_maintenance"
  }
},
{
  "model": "auth.permission",
  "pk": 187,
  "fields": {
    "name": "Can delete maintenance",
    "content_type": 47,
    "codename": "delete_maintenance"
  }
},
{
  "model": "auth.permission",
  "pk": 188,
  "fields": {
    "name": "Can view maintenance",
    "content_type": 47,
    "codename": "view_maintenance"
  }
},
{
  "model": "auth.permission",
  "pk": 189,
  "fields": {
    "name": "Can add fix schedule",
    "content_type": 48,
    "codename": "add_fixschedule"
  }
},
{
  "model": "auth.permission",
  "pk": 190,
  "fields": {
    "name": "Can change fix schedule",
    "content_type": 48,
    "codename": "change_fixschedule"
  }
},
{
  "model": "auth.permission",
  "pk": 191,
  "fields": {
    "name": "Can delete fix schedule",
    "content_type": 48,
    "codename": "delete_fixschedule"
  }
},
{
  "model": "auth.permission",
  "pk": 192,
  "fields": {
    "name": "Can view fix schedule",
    "content_type": 48,
    "codename": "view_fixschedule"
  }
},
{
  "model": "auth.permission",
  "pk": 193,
  "fields": {
    "name": "Can add facility export",
    "content_type": 49,
    "codename": "add_facilityexport"
  }
},
{
  "model": "auth.permission",
  "pk": 194,
  "fields": {
    "name": "Can change facility export",
    "content_type": 49,
    "codename": "change_facilityexport"
  }
},
{
  "model": "auth.permission",
  "pk": 195,
  "fields": {
    "name": "Can delete facility export",
    "content_type": 49,
    "codename": "delete_facilityexport"
  }
},
{
  "model": "auth.permission",
  "pk": 196,
  "fields": {
    "name": "Can view facility export",
    "content_type": 49,
    "codename": "view_facilityexport"
  }
},
{
  "model": "auth.permission",
  "pk": 197,
  "fields": {
    "name": "Can add hr running number",
    "content_type": 50,
    "codename": "add_hrrunningnumber"
  }
},
{
  "model": "auth.permission",
  "pk": 198,
  "fields": {
    "name": "Can change hr running number",
    "content_type": 50,
    "codename": "change_hrrunningnumber"
  }
},
{
  "model": "auth.permission",
  "pk": 199,
  "fields": {
    "name": "Can delete hr running number",
    "content_type": 50,
    "codename": "delete_hrrunningnumber"
  }
},
{
  "model": "auth.permission",
  "pk": 200,
  "fields": {
    "name": "Can view hr running number",
    "content_type": 50,
    "codename": "view_hrrunningnumber"
  }
},
{
  "model": "auth.permission",
  "pk": 201,
  "fields": {
    "name": "Can add hr user profile",
    "content_type": 51,
    "codename": "add_hruserprofile"
  }
},
{
  "model": "auth.permission",
  "pk": 202,
  "fields": {
    "name": "Can change hr user profile",
    "content_type": 51,
    "codename": "change_hruserprofile"
  }
},
{
  "model": "auth.permission",
  "pk": 203,
  "fields": {
    "name": "Can delete hr user profile",
    "content_type": 51,
    "codename": "delete_hruserprofile"
  }
},
{
  "model": "auth.permission",
  "pk": 204,
  "fields": {
    "name": "Can view hr user profile",
    "content_type": 51,
    "codename": "view_hruserprofile"
  }
},
{
  "model": "auth.permission",
  "pk": 205,
  "fields": {
    "name": "Can add ar item",
    "content_type": 52,
    "codename": "add_aritem"
  }
},
{
  "model": "auth.permission",
  "pk": 206,
  "fields": {
    "name": "Can change ar item",
    "content_type": 52,
    "codename": "change_aritem"
  }
},
{
  "model": "auth.permission",
  "pk": 207,
  "fields": {
    "name": "Can delete ar item",
    "content_type": 52,
    "codename": "delete_aritem"
  }
},
{
  "model": "auth.permission",
  "pk": 208,
  "fields": {
    "name": "Can view ar item",
    "content_type": 52,
    "codename": "view_aritem"
  }
},
{
  "model": "auth.permission",
  "pk": 209,
  "fields": {
    "name": "Can add bill",
    "content_type": 53,
    "codename": "add_bill"
  }
},
{
  "model": "auth.permission",
  "pk": 210,
  "fields": {
    "name": "Can change bill",
    "content_type": 53,
    "codename": "change_bill"
  }
},
{
  "model": "auth.permission",
  "pk": 211,
  "fields": {
    "name": "Can delete bill",
    "content_type": 53,
    "codename": "delete_bill"
  }
},
{
  "model": "auth.permission",
  "pk": 212,
  "fields": {
    "name": "Can view bill",
    "content_type": 53,
    "codename": "view_bill"
  }
},
{
  "model": "auth.permission",
  "pk": 213,
  "fields": {
    "name": "Can add booking",
    "content_type": 54,
    "codename": "add_booking"
  }
},
{
  "model": "auth.permission",
  "pk": 214,
  "fields": {
    "name": "Can change booking",
    "content_type": 54,
    "codename": "change_booking"
  }
},
{
  "model": "auth.permission",
  "pk": 215,
  "fields": {
    "name": "Can delete booking",
    "content_type": 54,
    "codename": "delete_booking"
  }
},
{
  "model": "auth.permission",
  "pk": 216,
  "fields": {
    "name": "Can view booking",
    "content_type": 54,
    "codename": "view_booking"
  }
},
{
  "model": "auth.permission",
  "pk": 217,
  "fields": {
    "name": "Can add diagnosis_medicine",
    "content_type": 55,
    "codename": "add_diagnosis_medicine"
  }
},
{
  "model": "auth.permission",
  "pk": 218,
  "fields": {
    "name": "Can change diagnosis_medicine",
    "content_type": 55,
    "codename": "change_diagnosis_medicine"
  }
},
{
  "model": "auth.permission",
  "pk": 219,
  "fields": {
    "name": "Can delete diagnosis_medicine",
    "content_type": 55,
    "codename": "delete_diagnosis_medicine"
  }
},
{
  "model": "auth.permission",
  "pk": 220,
  "fields": {
    "name": "Can view diagnosis_medicine",
    "content_type": 55,
    "codename": "view_diagnosis_medicine"
  }
},
{
  "model": "auth.permission",
  "pk": 221,
  "fields": {
    "name": "Can add diagnosis_service",
    "content_type": 56,
    "codename": "add_diagnosis_service"
  }
},
{
  "model": "auth.permission",
  "pk": 222,
  "fields": {
    "name": "Can change diagnosis_service",
    "content_type": 56,
    "codename": "change_diagnosis_service"
  }
},
{
  "model": "auth.permission",
  "pk": 223,
  "fields": {
    "name": "Can delete diagnosis_service",
    "content_type": 56,
    "codename": "delete_diagnosis_service"
  }
},
{
  "model": "auth.permission",
  "pk": 224,
  "fields": {
    "name": "Can view diagnosis_service",
    "content_type": 56,
    "codename": "view_diagnosis_service"
  }
},
{
  "model": "auth.permission",
  "pk": 225,
  "fields": {
    "name": "Can add doctor process",
    "content_type": 57,
    "codename": "add_doctorprocess"
  }
},
{
  "model": "auth.permission",
  "pk": 226,
  "fields": {
    "name": "Can change doctor process",
    "content_type": 57,
    "codename": "change_doctorprocess"
  }
},
{
  "model": "auth.permission",
  "pk": 227,
  "fields": {
    "name": "Can delete doctor process",
    "content_type": 57,
    "codename": "delete_doctorprocess"
  }
},
{
  "model": "auth.permission",
  "pk": 228,
  "fields": {
    "name": "Can view doctor process",
    "content_type": 57,
    "codename": "view_doctorprocess"
  }
},
{
  "model": "auth.permission",
  "pk": 229,
  "fields": {
    "name": "Can add Đơn khám",
    "content_type": 58,
    "codename": "add_examinationorder"
  }
},
{
  "model": "auth.permission",
  "pk": 230,
  "fields": {
    "name": "Can change Đơn khám",
    "content_type": 58,
    "codename": "change_examinationorder"
  }
},
{
  "model": "auth.permission",
  "pk": 231,
  "fields": {
    "name": "Can delete Đơn khám",
    "content_type": 58,
    "codename": "delete_examinationorder"
  }
},
{
  "model": "auth.permission",
  "pk": 232,
  "fields": {
    "name": "Can view Đơn khám",
    "content_type": 58,
    "codename": "view_examinationorder"
  }
},
{
  "model": "auth.permission",
  "pk": 233,
  "fields": {
    "name": "Can add treatment request",
    "content_type": 59,
    "codename": "add_treatmentrequest"
  }
},
{
  "model": "auth.permission",
  "pk": 234,
  "fields": {
    "name": "Can change treatment request",
    "content_type": 59,
    "codename": "change_treatmentrequest"
  }
},
{
  "model": "auth.permission",
  "pk": 235,
  "fields": {
    "name": "Can delete treatment request",
    "content_type": 59,
    "codename": "delete_treatmentrequest"
  }
},
{
  "model": "auth.permission",
  "pk": 236,
  "fields": {
    "name": "Can view treatment request",
    "content_type": 59,
    "codename": "view_treatmentrequest"
  }
},
{
  "model": "auth.permission",
  "pk": 237,
  "fields": {
    "name": "Can add treatment session",
    "content_type": 60,
    "codename": "add_treatmentsession"
  }
},
{
  "model": "auth.permission",
  "pk": 238,
  "fields": {
    "name": "Can change treatment session",
    "content_type": 60,
    "codename": "change_treatmentsession"
  }
},
{
  "model": "auth.permission",
  "pk": 239,
  "fields": {
    "name": "Can delete treatment session",
    "content_type": 60,
    "codename": "delete_treatmentsession"
  }
},
{
  "model": "auth.permission",
  "pk": 240,
  "fields": {
    "name": "Can view treatment session",
    "content_type": 60,
    "codename": "view_treatmentsession"
  }
},
{
  "model": "auth.permission",
  "pk": 241,
  "fields": {
    "name": "Can add session techical setting",
    "content_type": 61,
    "codename": "add_sessiontechicalsetting"
  }
},
{
  "model": "auth.permission",
  "pk": 242,
  "fields": {
    "name": "Can change session techical setting",
    "content_type": 61,
    "codename": "change_sessiontechicalsetting"
  }
},
{
  "model": "auth.permission",
  "pk": 243,
  "fields": {
    "name": "Can delete session techical setting",
    "content_type": 61,
    "codename": "delete_sessiontechicalsetting"
  }
},
{
  "model": "auth.permission",
  "pk": 244,
  "fields": {
    "name": "Can view session techical setting",
    "content_type": 61,
    "codename": "view_sessiontechicalsetting"
  }
},
{
  "model": "auth.permission",
  "pk": 245,
  "fields": {
    "name": "Can add service assign",
    "content_type": 62,
    "codename": "add_serviceassign"
  }
},
{
  "model": "auth.permission",
  "pk": 246,
  "fields": {
    "name": "Can change service assign",
    "content_type": 62,
    "codename": "change_serviceassign"
  }
},
{
  "model": "auth.permission",
  "pk": 247,
  "fields": {
    "name": "Can delete service assign",
    "content_type": 62,
    "codename": "delete_serviceassign"
  }
},
{
  "model": "auth.permission",
  "pk": 248,
  "fields": {
    "name": "Can view service assign",
    "content_type": 62,
    "codename": "view_serviceassign"
  }
},
{
  "model": "auth.permission",
  "pk": 249,
  "fields": {
    "name": "Can add re examination",
    "content_type": 63,
    "codename": "add_reexamination"
  }
},
{
  "model": "auth.permission",
  "pk": 250,
  "fields": {
    "name": "Can change re examination",
    "content_type": 63,
    "codename": "change_reexamination"
  }
},
{
  "model": "auth.permission",
  "pk": 251,
  "fields": {
    "name": "Can delete re examination",
    "content_type": 63,
    "codename": "delete_reexamination"
  }
},
{
  "model": "auth.permission",
  "pk": 252,
  "fields": {
    "name": "Can view re examination",
    "content_type": 63,
    "codename": "view_reexamination"
  }
},
{
  "model": "auth.permission",
  "pk": 253,
  "fields": {
    "name": "Can add payment history",
    "content_type": 64,
    "codename": "add_paymenthistory"
  }
},
{
  "model": "auth.permission",
  "pk": 254,
  "fields": {
    "name": "Can change payment history",
    "content_type": 64,
    "codename": "change_paymenthistory"
  }
},
{
  "model": "auth.permission",
  "pk": 255,
  "fields": {
    "name": "Can delete payment history",
    "content_type": 64,
    "codename": "delete_paymenthistory"
  }
},
{
  "model": "auth.permission",
  "pk": 256,
  "fields": {
    "name": "Can view payment history",
    "content_type": 64,
    "codename": "view_paymenthistory"
  }
},
{
  "model": "auth.permission",
  "pk": 257,
  "fields": {
    "name": "Can add expert session record",
    "content_type": 65,
    "codename": "add_expertsessionrecord"
  }
},
{
  "model": "auth.permission",
  "pk": 258,
  "fields": {
    "name": "Can change expert session record",
    "content_type": 65,
    "codename": "change_expertsessionrecord"
  }
},
{
  "model": "auth.permission",
  "pk": 259,
  "fields": {
    "name": "Can delete expert session record",
    "content_type": 65,
    "codename": "delete_expertsessionrecord"
  }
},
{
  "model": "auth.permission",
  "pk": 260,
  "fields": {
    "name": "Can view expert session record",
    "content_type": 65,
    "codename": "view_expertsessionrecord"
  }
},
{
  "model": "auth.permission",
  "pk": 261,
  "fields": {
    "name": "Can add examination order item",
    "content_type": 66,
    "codename": "add_examinationorderitem"
  }
},
{
  "model": "auth.permission",
  "pk": 262,
  "fields": {
    "name": "Can change examination order item",
    "content_type": 66,
    "codename": "change_examinationorderitem"
  }
},
{
  "model": "auth.permission",
  "pk": 263,
  "fields": {
    "name": "Can delete examination order item",
    "content_type": 66,
    "codename": "delete_examinationorderitem"
  }
},
{
  "model": "auth.permission",
  "pk": 264,
  "fields": {
    "name": "Can view examination order item",
    "content_type": 66,
    "codename": "view_examinationorderitem"
  }
},
{
  "model": "auth.permission",
  "pk": 265,
  "fields": {
    "name": "Can add Bác sĩ khám sức khỏe",
    "content_type": 67,
    "codename": "add_doctorhealthcheck"
  }
},
{
  "model": "auth.permission",
  "pk": 266,
  "fields": {
    "name": "Can change Bác sĩ khám sức khỏe",
    "content_type": 67,
    "codename": "change_doctorhealthcheck"
  }
},
{
  "model": "auth.permission",
  "pk": 267,
  "fields": {
    "name": "Can delete Bác sĩ khám sức khỏe",
    "content_type": 67,
    "codename": "delete_doctorhealthcheck"
  }
},
{
  "model": "auth.permission",
  "pk": 268,
  "fields": {
    "name": "Can view Bác sĩ khám sức khỏe",
    "content_type": 67,
    "codename": "view_doctorhealthcheck"
  }
},
{
  "model": "auth.permission",
  "pk": 269,
  "fields": {
    "name": "Can add clinical examination",
    "content_type": 68,
    "codename": "add_clinicalexamination"
  }
},
{
  "model": "auth.permission",
  "pk": 270,
  "fields": {
    "name": "Can change clinical examination",
    "content_type": 68,
    "codename": "change_clinicalexamination"
  }
},
{
  "model": "auth.permission",
  "pk": 271,
  "fields": {
    "name": "Can delete clinical examination",
    "content_type": 68,
    "codename": "delete_clinicalexamination"
  }
},
{
  "model": "auth.permission",
  "pk": 272,
  "fields": {
    "name": "Can view clinical examination",
    "content_type": 68,
    "codename": "view_clinicalexamination"
  }
},
{
  "model": "auth.permission",
  "pk": 273,
  "fields": {
    "name": "Can add Chi tiết thanh toán vật tư",
    "content_type": 69,
    "codename": "add_facilitydebtdetail"
  }
},
{
  "model": "auth.permission",
  "pk": 274,
  "fields": {
    "name": "Can change Chi tiết thanh toán vật tư",
    "content_type": 69,
    "codename": "change_facilitydebtdetail"
  }
},
{
  "model": "auth.permission",
  "pk": 275,
  "fields": {
    "name": "Can delete Chi tiết thanh toán vật tư",
    "content_type": 69,
    "codename": "delete_facilitydebtdetail"
  }
},
{
  "model": "auth.permission",
  "pk": 276,
  "fields": {
    "name": "Can view Chi tiết thanh toán vật tư",
    "content_type": 69,
    "codename": "view_facilitydebtdetail"
  }
},
{
  "model": "auth.permission",
  "pk": 277,
  "fields": {
    "name": "Can add Chi tiết thanh toán sản phẩm",
    "content_type": 70,
    "codename": "add_productdebtdetail"
  }
},
{
  "model": "auth.permission",
  "pk": 278,
  "fields": {
    "name": "Can change Chi tiết thanh toán sản phẩm",
    "content_type": 70,
    "codename": "change_productdebtdetail"
  }
},
{
  "model": "auth.permission",
  "pk": 279,
  "fields": {
    "name": "Can delete Chi tiết thanh toán sản phẩm",
    "content_type": 70,
    "codename": "delete_productdebtdetail"
  }
},
{
  "model": "auth.permission",
  "pk": 280,
  "fields": {
    "name": "Can view Chi tiết thanh toán sản phẩm",
    "content_type": 70,
    "codename": "view_productdebtdetail"
  }
},
{
  "model": "auth.permission",
  "pk": 281,
  "fields": {
    "name": "Can add Công nợ vật tư",
    "content_type": 71,
    "codename": "add_supplierfacilitydebt"
  }
},
{
  "model": "auth.permission",
  "pk": 282,
  "fields": {
    "name": "Can change Công nợ vật tư",
    "content_type": 71,
    "codename": "change_supplierfacilitydebt"
  }
},
{
  "model": "auth.permission",
  "pk": 283,
  "fields": {
    "name": "Can delete Công nợ vật tư",
    "content_type": 71,
    "codename": "delete_supplierfacilitydebt"
  }
},
{
  "model": "auth.permission",
  "pk": 284,
  "fields": {
    "name": "Can view Công nợ vật tư",
    "content_type": 71,
    "codename": "view_supplierfacilitydebt"
  }
},
{
  "model": "auth.permission",
  "pk": 285,
  "fields": {
    "name": "Can add Công nợ sản phẩm",
    "content_type": 72,
    "codename": "add_supplierproductdebt"
  }
},
{
  "model": "auth.permission",
  "pk": 286,
  "fields": {
    "name": "Can change Công nợ sản phẩm",
    "content_type": 72,
    "codename": "change_supplierproductdebt"
  }
},
{
  "model": "auth.permission",
  "pk": 287,
  "fields": {
    "name": "Can delete Công nợ sản phẩm",
    "content_type": 72,
    "codename": "delete_supplierproductdebt"
  }
},
{
  "model": "auth.permission",
  "pk": 288,
  "fields": {
    "name": "Can view Công nợ sản phẩm",
    "content_type": 72,
    "codename": "view_supplierproductdebt"
  }
},
{
  "model": "auth.permission",
  "pk": 289,
  "fields": {
    "name": "Can add Token",
    "content_type": 73,
    "codename": "add_token"
  }
},
{
  "model": "auth.permission",
  "pk": 290,
  "fields": {
    "name": "Can change Token",
    "content_type": 73,
    "codename": "change_token"
  }
},
{
  "model": "auth.permission",
  "pk": 291,
  "fields": {
    "name": "Can delete Token",
    "content_type": 73,
    "codename": "delete_token"
  }
},
{
  "model": "auth.permission",
  "pk": 292,
  "fields": {
    "name": "Can view Token",
    "content_type": 73,
    "codename": "view_token"
  }
},
{
  "model": "auth.permission",
  "pk": 293,
  "fields": {
    "name": "Can add token",
    "content_type": 74,
    "codename": "add_tokenproxy"
  }
},
{
  "model": "auth.permission",
  "pk": 294,
  "fields": {
    "name": "Can change token",
    "content_type": 74,
    "codename": "change_tokenproxy"
  }
},
{
  "model": "auth.permission",
  "pk": 295,
  "fields": {
    "name": "Can delete token",
    "content_type": 74,
    "codename": "delete_tokenproxy"
  }
},
{
  "model": "auth.permission",
  "pk": 296,
  "fields": {
    "name": "Can view token",
    "content_type": 74,
    "codename": "view_tokenproxy"
  }
},
{
  "model": "auth.user",
  "pk": 1,
  "fields": {
    "password": "pbkdf2_sha256$390000$GzvvnZKrqFjAIIOg6rD2Bc$cOIP/S/Wkv6aSUjaV4MU3sY1Gx48WAmIr8Fe7Mvddwc=",
    "last_login": "2025-10-16T12:36:17.722",
    "is_superuser": true,
    "username": "admin",
    "first_name": "",
    "last_name": "",
    "email": "",
    "is_staff": true,
    "is_active": true,
    "date_joined": "2025-10-16T12:34:44.161",
    "groups": [],
    "user_permissions": []
  }
},
{
  "model": "contenttypes.contenttype",
  "pk": 1,
  "fields": {
    "app_label": "admin",
    "model": "logentry"
  }
},
{
  "model": "contenttypes.contenttype",
  "pk": 2,
  "fields": {
    "app_label": "auth",
    "model": "permission"
  }
},
{
  "model": "contenttypes.contenttype",
  "pk": 3,
  "fields": {
    "app_label": "auth",
    "model": "group"
  }
},
{
  "model": "contenttypes.contenttype",
  "pk": 4,
  "fields": {
    "app_label": "auth",
    "model": "user"
  }
},
{
  "model": "contenttypes.contenttype",
  "pk": 5,
  "fields": {
    "app_label": "contenttypes",
    "model": "contenttype"
  }
},
{
  "model": "contenttypes.contenttype",
  "pk": 6,
  "fields": {
    "app_label": "sessions",
    "model": "session"
  }
},
{
  "model": "contenttypes.contenttype",
  "pk": 7,
  "fields": {
    "app_label": "sites",
    "model": "site"
  }
},
{
  "model": "contenttypes.contenttype",
  "pk": 8,
  "fields": {
    "app_label": "account",
    "model": "emailaddress"
  }
},
{
  "model": "contenttypes.contenttype",
  "pk": 9,
  "fields": {
    "app_label": "account",
    "model": "emailconfirmation"
  }
},
{
  "model": "contenttypes.contenttype",
  "pk": 10,
  "fields": {
    "app_label": "app_customer",
    "model": "customer"
  }
},
{
  "model": "contenttypes.contenttype",
  "pk": 11,
  "fields": {
    "app_label": "app_customer",
    "model": "customer_introducers"
  }
},
{
  "model": "contenttypes.contenttype",
  "pk": 12,
  "fields": {
    "app_label": "app_customer",
    "model": "customercare"
  }
},
{
  "model": "contenttypes.contenttype",
  "pk": 13,
  "fields": {
    "app_label": "app_customer",
    "model": "customerlevel"
  }
},
{
  "model": "contenttypes.contenttype",
  "pk": 14,
  "fields": {
    "app_label": "app_customer",
    "model": "customerproblem"
  }
},
{
  "model": "contenttypes.contenttype",
  "pk": 15,
  "fields": {
    "app_label": "app_customer",
    "model": "customerrequest"
  }
},
{
  "model": "contenttypes.contenttype",
  "pk": 16,
  "fields": {
    "app_label": "app_customer",
    "model": "customerrunningnumber"
  }
},
{
  "model": "contenttypes.contenttype",
  "pk": 17,
  "fields": {
    "app_label": "app_customer",
    "model": "feedback"
  }
},
{
  "model": "contenttypes.contenttype",
  "pk": 18,
  "fields": {
    "app_label": "app_customer",
    "model": "leadstatus"
  }
},
{
  "model": "contenttypes.contenttype",
  "pk": 19,
  "fields": {
    "app_label": "app_customer",
    "model": "treatmentstate"
  }
},
{
  "model": "contenttypes.contenttype",
  "pk": 20,
  "fields": {
    "app_label": "app_customer",
    "model": "referral"
  }
},
{
  "model": "contenttypes.contenttype",
  "pk": 21,
  "fields": {
    "app_label": "app_home",
    "model": "commission"
  }
},
{
  "model": "contenttypes.contenttype",
  "pk": 22,
  "fields": {
    "app_label": "app_home",
    "model": "department"
  }
},
{
  "model": "contenttypes.contenttype",
  "pk": 23,
  "fields": {
    "app_label": "app_home",
    "model": "detailfunction"
  }
},
{
  "model": "contenttypes.contenttype",
  "pk": 24,
  "fields": {
    "app_label": "app_home",
    "model": "discount"
  }
},
{
  "model": "contenttypes.contenttype",
  "pk": 25,
  "fields": {
    "app_label": "app_home",
    "model": "floor"
  }
},
{
  "model": "contenttypes.contenttype",
  "pk": 26,
  "fields": {
    "app_label": "app_home",
    "model": "functioncategory"
  }
},
{
  "model": "contenttypes.contenttype",
  "pk": 27,
  "fields": {
    "app_label": "app_home",
    "model": "leadsource"
  }
},
{
  "model": "contenttypes.contenttype",
  "pk": 28,
  "fields": {
    "app_label": "app_home",
    "model": "leadsourceactor"
  }
},
{
  "model": "contenttypes.contenttype",
  "pk": 29,
  "fields": {
    "app_label": "app_home",
    "model": "position"
  }
},
{
  "model": "contenttypes.contenttype",
  "pk": 30,
  "fields": {
    "app_label": "app_home",
    "model": "testservice"
  }
},
{
  "model": "contenttypes.contenttype",
  "pk": 31,
  "fields": {
    "app_label": "app_home",
    "model": "treatmentpackage"
  }
},
{
  "model": "contenttypes.contenttype",
  "pk": 32,
  "fields": {
    "app_label": "app_home",
    "model": "user_profile_detail_function"
  }
},
{
  "model": "contenttypes.contenttype",
  "pk": 33,
  "fields": {
    "app_label": "app_home",
    "model": "userprofile"
  }
},
{
  "model": "contenttypes.contenttype",
  "pk": 34,
  "fields": {
    "app_label": "app_home",
    "model": "unit"
  }
},
{
  "model": "contenttypes.contenttype",
  "pk": 35,
  "fields": {
    "app_label": "app_home",
    "model": "timeframe"
  }
},
{
  "model": "contenttypes.contenttype",
  "pk": 36,
  "fields": {
    "app_label": "app_home",
    "model": "protocol"
  }
},
{
  "model": "contenttypes.contenttype",
  "pk": 37,
  "fields": {
    "app_label": "app_product",
    "model": "facility"
  }
},
{
  "model": "contenttypes.contenttype",
  "pk": 38,
  "fields": {
    "app_label": "app_product",
    "model": "product"
  }
},
{
  "model": "contenttypes.contenttype",
  "pk": 39,
  "fields": {
    "app_label": "app_product",
    "model": "service"
  }
},
{
  "model": "contenttypes.contenttype",
  "pk": 40,
  "fields": {
    "app_label": "app_product",
    "model": "supplier"
  }
},
{
  "model": "contenttypes.contenttype",
  "pk": 41,
  "fields": {
    "app_label": "app_product",
    "model": "warehouse"
  }
},
{
  "model": "contenttypes.contenttype",
  "pk": 42,
  "fields": {
    "app_label": "app_product",
    "model": "techicalsetting"
  }
},
{
  "model": "contenttypes.contenttype",
  "pk": 43,
  "fields": {
    "app_label": "app_product",
    "model": "stockout"
  }
},
{
  "model": "contenttypes.contenttype",
  "pk": 44,
  "fields": {
    "app_label": "app_product",
    "model": "stockin"
  }
},
{
  "model": "contenttypes.contenttype",
  "pk": 45,
  "fields": {
    "app_label": "app_product",
    "model": "servicetreatmentpackage"
  }
},
{
  "model": "contenttypes.contenttype",
  "pk": 46,
  "fields": {
    "app_label": "app_product",
    "model": "servicetechnicalsetting"
  }
},
{
  "model": "contenttypes.contenttype",
  "pk": 47,
  "fields": {
    "app_label": "app_product",
    "model": "maintenance"
  }
},
{
  "model": "contenttypes.contenttype",
  "pk": 48,
  "fields": {
    "app_label": "app_product",
    "model": "fixschedule"
  }
},
{
  "model": "contenttypes.contenttype",
  "pk": 49,
  "fields": {
    "app_label": "app_product",
    "model": "facilityexport"
  }
},
{
  "model": "contenttypes.contenttype",
  "pk": 50,
  "fields": {
    "app_label": "app_hr",
    "model": "hrrunningnumber"
  }
},
{
  "model": "contenttypes.contenttype",
  "pk": 51,
  "fields": {
    "app_label": "app_hr",
    "model": "hruserprofile"
  }
},
{
  "model": "contenttypes.contenttype",
  "pk": 52,
  "fields": {
    "app_label": "app_treatment",
    "model": "aritem"
  }
},
{
  "model": "contenttypes.contenttype",
  "pk": 53,
  "fields": {
    "app_label": "app_treatment",
    "model": "bill"
  }
},
{
  "model": "contenttypes.contenttype",
  "pk": 54,
  "fields": {
    "app_label": "app_treatment",
    "model": "booking"
  }
},
{
  "model": "contenttypes.contenttype",
  "pk": 55,
  "fields": {
    "app_label": "app_treatment",
    "model": "diagnosis_medicine"
  }
},
{
  "model": "contenttypes.contenttype",
  "pk": 56,
  "fields": {
    "app_label": "app_treatment",
    "model": "diagnosis_service"
  }
},
{
  "model": "contenttypes.contenttype",
  "pk": 57,
  "fields": {
    "app_label": "app_treatment",
    "model": "doctorprocess"
  }
},
{
  "model": "contenttypes.contenttype",
  "pk": 58,
  "fields": {
    "app_label": "app_treatment",
    "model": "examinationorder"
  }
},
{
  "model": "contenttypes.contenttype",
  "pk": 59,
  "fields": {
    "app_label": "app_treatment",
    "model": "treatmentrequest"
  }
},
{
  "model": "contenttypes.contenttype",
  "pk": 60,
  "fields": {
    "app_label": "app_treatment",
    "model": "treatmentsession"
  }
},
{
  "model": "contenttypes.contenttype",
  "pk": 61,
  "fields": {
    "app_label": "app_treatment",
    "model": "sessiontechicalsetting"
  }
},
{
  "model": "contenttypes.contenttype",
  "pk": 62,
  "fields": {
    "app_label": "app_treatment",
    "model": "serviceassign"
  }
},
{
  "model": "contenttypes.contenttype",
  "pk": 63,
  "fields": {
    "app_label": "app_treatment",
    "model": "reexamination"
  }
},
{
  "model": "contenttypes.contenttype",
  "pk": 64,
  "fields": {
    "app_label": "app_treatment",
    "model": "paymenthistory"
  }
},
{
  "model": "contenttypes.contenttype",
  "pk": 65,
  "fields": {
    "app_label": "app_treatment",
    "model": "expertsessionrecord"
  }
},
{
  "model": "contenttypes.contenttype",
  "pk": 66,
  "fields": {
    "app_label": "app_treatment",
    "model": "examinationorderitem"
  }
},
{
  "model": "contenttypes.contenttype",
  "pk": 67,
  "fields": {
    "app_label": "app_treatment",
    "model": "doctorhealthcheck"
  }
},
{
  "model": "contenttypes.contenttype",
  "pk": 68,
  "fields": {
    "app_label": "app_treatment",
    "model": "clinicalexamination"
  }
},
{
  "model": "contenttypes.contenttype",
  "pk": 69,
  "fields": {
    "app_label": "app_accounting",
    "model": "facilitydebtdetail"
  }
},
{
  "model": "contenttypes.contenttype",
  "pk": 70,
  "fields": {
    "app_label": "app_accounting",
    "model": "productdebtdetail"
  }
},
{
  "model": "contenttypes.contenttype",
  "pk": 71,
  "fields": {
    "app_label": "app_accounting",
    "model": "supplierfacilitydebt"
  }
},
{
  "model": "contenttypes.contenttype",
  "pk": 72,
  "fields": {
    "app_label": "app_accounting",
    "model": "supplierproductdebt"
  }
},
{
  "model": "contenttypes.contenttype",
  "pk": 73,
  "fields": {
    "app_label": "authtoken",
    "model": "token"
  }
},
{
  "model": "contenttypes.contenttype",
  "pk": 74,
  "fields": {
    "app_label": "authtoken",
    "model": "tokenproxy"
  }
},
{
  "model": "sessions.session",
  "pk": "okg483c53rzcrk8g2pyyj2s44e4pmpcn",
  "fields": {
    "session_data": ".eJxVjMsOwiAQAP-FsyF0gXbr0Xu_gezCIlVTkj5Oxn83JD3odWYybxXo2Es4NlnDnNRVderyy5jiU5Ym0oOWe9WxLvs6s26JPu2mp5rkdTvbv0GhrbStACWb4ygRBhZ0mHvXo4g3bDgTG7Q-Y2qBsBs7wCEDe0Agm8GpzxcM2jic:1v9Gdj:t5RMRO--vuNs5dDnOBru_EboZ-U1qRGDzuImAfsxsaw",
    "expire_date": "2025-10-30T12:35:03.798"
  }
},
{
  "model": "sites.site",
  "pk": 1,
  "fields": {
    "domain": "example.com",
    "name": "example.com"
  }
},
{
  "model": "app_customer.customerrunningnumber",
  "pk": 2,
  "fields": {
    "kind": "customer",
    "value": 1,
    "created": "2025-10-15T16:12:05.778",
    "updated": "2025-10-15T16:12:05.778"
  }
},
{
  "model": "app_customer.customer",
  "pk": 19,
  "fields": {
    "created": "2025-10-15T16:12:05.780",
    "user": 157,
    "code": "KH001-25",
    "name": "Nguyễn Đình Thái",
    "gender": "MA",
    "birth": null,
    "birth_date": "2004-12-03",
    "birth_raw": "03/12/2004",
    "birth_accuracy": "day",
    "mobile": "0123456789",
    "email": "dinhthai160@icloud.com",
    "city": "18",
    "ward": "3346",
    "district": null,
    "address": "8quanghung",
    "contact_date": null,
    "time_frame": null,
    "main_status": "1",
    "lead_status": null,
    "treatment_status": null,
    "is_active": true,
    "carreer": "IT",
    "service": [],
    "customer_request": []
  }
},
{
  "model": "app_customer.referral",
  "pk": 14,
  "fields": {
    "created": "2025-10-15T16:12:05.792",
    "customer": 19,
    "ref_type": "actor",
    "ref_customer": null,
    "ref_hr": null,
    "ref_actor": 6,
    "lookup_code": "",
    "note": null
  }
},
{
  "model": "app_home.functioncategory",
  "pk": 7,
  "fields": {
    "created": "2024-12-21T12:43:20.822",
    "user": 103,
    "code": "MAIN_CUSTOMER",
    "title": "Quản lý khách hàng",
    "desc": "Danh mục chính quản lý khách hàng"
  }
},
{
  "model": "app_home.functioncategory",
  "pk": 8,
  "fields": {
    "created": "2024-12-21T12:44:14.832",
    "user": 103,
    "code": "MAIN_TREATMENT",
    "title": "Quản lý trị liệu",
    "desc": "Danh mục chính quản lý trị liệu"
  }
},
{
  "model": "app_home.functioncategory",
  "pk": 9,
  "fields": {
    "created": "2024-12-21T12:45:08.543",
    "user": 103,
    "code": "MAIN_PRODUCT",
    "title": "Quản lý dịch vụ, sản phẩm",
    "desc": "Danh mục chính quản lý dịch vụ, sản phẩm"
  }
},
{
  "model": "app_home.functioncategory",
  "pk": 10,
  "fields": {
    "created": "2024-12-21T12:47:23.749",
    "user": 103,
    "code": "MAIN_HR",
    "title": "Quản lý nhân sự",
    "desc": "Danh mục chính quản lý nhân sự"
  }
},
{
  "model": "app_home.functioncategory",
  "pk": 11,
  "fields": {
    "created": "2024-12-21T12:47:56.760",
    "user": 103,
    "code": "MAIN_ACCOUNTANT",
    "title": "Kế toán",
    "desc": "Danh mục chính quản lý thu chi"
  }
},
{
  "model": "app_home.functioncategory",
  "pk": 12,
  "fields": {
    "created": "2024-12-21T12:48:37.403",
    "user": 103,
    "code": "MAIN_SETTING",
    "title": "Quản lý cài đặt",
    "desc": "Danh mục chính quản lý cài đặt"
  }
},
{
  "model": "app_home.detailfunction",
  "pk": 2,
  "fields": {
    "created": "2024-12-21T12:55:23.045",
    "user": 103,
    "category": 7,
    "code": "CUSTOMER_001",
    "title": "Khách chưa sử dụng dịch vụ",
    "link": "customer/not-bought",
    "desc": "Danh mục con quản lý khách hàng chưa mua",
    "function_default": false
  }
},
{
  "model": "app_home.detailfunction",
  "pk": 3,
  "fields": {
    "created": "2024-12-21T12:56:32.142",
    "user": 103,
    "category": 7,
    "code": "CUSTOMER_002",
    "title": "Khách đang sử dụng dịch vụ",
    "link": "customer/buying",
    "desc": "Danh mục con quản lý khách hàng đang mua",
    "function_default": false
  }
},
{
  "model": "app_home.detailfunction",
  "pk": 4,
  "fields": {
    "created": "2024-12-21T12:57:07.761",
    "user": 103,
    "category": 7,
    "code": "CUSTOMER_003",
    "title": "Khách đã sử dụng dịch vụ",
    "link": "customer/bought",
    "desc": "Danh mục con quản lý khách hàng đã mua",
    "function_default": false
  }
},
{
  "model": "app_home.detailfunction",
  "pk": 5,
  "fields": {
    "created": "2024-12-21T12:57:58.011",
    "user": 103,
    "category": 7,
    "code": "CUSTOMER_004",
    "title": "Quản lý lịch hẹn",
    "link": "customer/schedule",
    "desc": "Lịch hẹn",
    "function_default": false
  }
},
{
  "model": "app_home.detailfunction",
  "pk": 7,
  "fields": {
    "created": "2024-12-21T13:00:26.610",
    "user": 103,
    "category": 8,
    "code": "TREATMENT_001",
    "title": "Quy trình điều trị",
    "link": "treatment/process",
    "desc": "Danh mục con quản lý quy trình điều trị",
    "function_default": false
  }
},
{
  "model": "app_home.detailfunction",
  "pk": 8,
  "fields": {
    "created": "2024-12-21T13:01:14.807",
    "user": 103,
    "category": 8,
    "code": "TREATMENT_002",
    "title": "Lịch hẹn",
    "link": "treatment/schedule",
    "desc": "Quản lý lịch hẹn",
    "function_default": false
  }
},
{
  "model": "app_home.detailfunction",
  "pk": 9,
  "fields": {
    "created": "2024-12-21T13:02:19.769",
    "user": 103,
    "category": 8,
    "code": "TREATMENT_003",
    "title": "Báo cáo chi tiết",
    "link": "treatment/reports",
    "desc": "Báo cáo chi tiết",
    "function_default": false
  }
},
{
  "model": "app_home.detailfunction",
  "pk": 10,
  "fields": {
    "created": "2024-12-21T13:03:34.971",
    "user": 103,
    "category": 9,
    "code": "PRODUCT_001",
    "title": "Danh sách sản phẩm, dịch vụ",
    "link": "product/service",
    "desc": "Danh mục con quản lý vật tư",
    "function_default": false
  }
},
{
  "model": "app_home.detailfunction",
  "pk": 11,
  "fields": {
    "created": "2024-12-21T13:04:33.132",
    "user": 103,
    "category": 9,
    "code": "PRODUCT_002",
    "title": "Quản lý nhà cung cấp",
    "link": "product/suppliers",
    "desc": "danh mục con quản lý kho",
    "function_default": false
  }
},
{
  "model": "app_home.detailfunction",
  "pk": 12,
  "fields": {
    "created": "2024-12-21T13:08:25.048",
    "user": 103,
    "category": 10,
    "code": "HR_001",
    "title": "Danh sách nhân sự",
    "link": "hr/employees",
    "desc": "Danh mục con quản lý nhân viên",
    "function_default": false
  }
},
{
  "model": "app_home.detailfunction",
  "pk": 13,
  "fields": {
    "created": "2024-12-21T13:09:03.566",
    "user": 103,
    "category": 10,
    "code": "HR_002",
    "title": "Danh sách cộng tác viên",
    "link": "hr/collaborators",
    "desc": "Danh mục con quản lý cộng tác viên",
    "function_default": false
  }
},
{
  "model": "app_home.detailfunction",
  "pk": 14,
  "fields": {
    "created": "2024-12-21T13:10:19.379",
    "user": 103,
    "category": 11,
    "code": "ACCOUNTANT_001",
    "title": "Quản lý doanh thu",
    "link": "accountant/revenue",
    "desc": "Danh mục con quản lý doanh thu",
    "function_default": false
  }
},
{
  "model": "app_home.detailfunction",
  "pk": 15,
  "fields": {
    "created": "2024-12-21T13:11:07.487",
    "user": 103,
    "category": 11,
    "code": "ACCOUNTANT_002",
    "title": "Quản lý công nợ",
    "link": "accountant/debt",
    "desc": "Danh mục con quản lý công nợ",
    "function_default": false
  }
},
{
  "model": "app_home.detailfunction",
  "pk": 41,
  "fields": {
    "created": "2025-01-05T10:02:08.167",
    "user": 2,
    "category": 11,
    "code": "ACCOUNTANT_003",
    "title": "Doanh thu chưa thực hiện",
    "link": "accountant/surplus",
    "desc": "Danh mục con quản lý công dư",
    "function_default": false
  }
},
{
  "model": "app_home.detailfunction",
  "pk": 42,
  "fields": {
    "created": "2025-03-05T16:55:06.510",
    "user": 103,
    "category": 9,
    "code": "PRODUCT_003",
    "title": "Quản lý kho",
    "link": "product/warehouse",
    "desc": "",
    "function_default": false
  }
},
{
  "model": "app_home.detailfunction",
  "pk": 44,
  "fields": {
    "created": "2025-07-20T16:55:06.510",
    "user": 103,
    "category": 10,
    "code": "HR_003",
    "title": "Lương hiệu suất",
    "link": "hr/performance-pay",
    "desc": null,
    "function_default": false
  }
},
{
  "model": "app_home.department",
  "pk": 18,
  "fields": {
    "created": "2025-09-09T15:17:29.386",
    "user": 0,
    "name": "Phòng Giám Đốc",
    "code": "",
    "note": "141"
  }
},
{
  "model": "app_home.department",
  "pk": 19,
  "fields": {
    "created": "2025-09-09T15:18:07.779",
    "user": 0,
    "name": "Phòng trị liệu chữa bệnh",
    "code": "",
    "note": "141"
  }
},
{
  "model": "app_home.department",
  "pk": 20,
  "fields": {
    "created": "2025-09-09T15:18:25.404",
    "user": 0,
    "name": "Phòng Trị liệu dưỡng sinh",
    "code": "",
    "note": "141"
  }
},
{
  "model": "app_home.department",
  "pk": 21,
  "fields": {
    "created": "2025-09-09T15:20:53.083",
    "user": 0,
    "name": "Phòng Tài chính - kế toán",
    "code": "",
    "note": "141"
  }
},
{
  "model": "app_home.department",
  "pk": 22,
  "fields": {
    "created": "2025-09-09T15:21:13.329",
    "user": 0,
    "name": "Phòng Chăm sóc khách hàng",
    "code": "",
    "note": "141"
  }
},
{
  "model": "app_home.department",
  "pk": 23,
  "fields": {
    "created": "2025-09-09T15:21:36.120",
    "user": 0,
    "name": "Phòng Marketing",
    "code": "",
    "note": "141"
  }
},
{
  "model": "app_home.department",
  "pk": 25,
  "fields": {
    "created": "2025-09-20T11:37:44.122",
    "user": 0,
    "name": "Phòng hành chính- nhân sự",
    "code": "",
    "note": "141"
  }
},
{
  "model": "app_home.position",
  "pk": 2,
  "fields": {
    "created": "2024-12-21T13:24:22.216",
    "user": 1,
    "department": 23,
    "code": "POS_002",
    "title": "Trưởng phòng Marketing",
    "performance_coefficient": 141.0
  }
},
{
  "model": "app_home.position",
  "pk": 3,
  "fields": {
    "created": "2024-12-21T13:24:51.258",
    "user": 1,
    "department": 22,
    "code": "POS_003",
    "title": "Nhân viên chăm sóc khách hàng",
    "performance_coefficient": 141.0
  }
},
{
  "model": "app_home.position",
  "pk": 4,
  "fields": {
    "created": "2024-12-21T13:25:58.544",
    "user": 1,
    "department": 21,
    "code": "POS_004",
    "title": "Kế toán",
    "performance_coefficient": 141.0
  }
},
{
  "model": "app_home.position",
  "pk": 6,
  "fields": {
    "created": "2024-12-21T13:26:40.552",
    "user": 1,
    "department": 19,
    "code": "POS_006",
    "title": "Điều dưỡng",
    "performance_coefficient": 141.0
  }
},
{
  "model": "app_home.position",
  "pk": 7,
  "fields": {
    "created": "2024-12-21T13:26:59.453",
    "user": 1,
    "department": 19,
    "code": "POS_007",
    "title": "Bác sĩ",
    "performance_coefficient": 141.0
  }
},
{
  "model": "app_home.position",
  "pk": 8,
  "fields": {
    "created": "2024-12-21T13:27:27.956",
    "user": 1,
    "department": 19,
    "code": "POS_008",
    "title": "Chuyên gia trị liệu cơ xương khớp",
    "performance_coefficient": 140.0
  }
},
{
  "model": "app_home.position",
  "pk": 19,
  "fields": {
    "created": "2025-07-20T19:32:03.462",
    "user": 1,
    "department": 25,
    "code": "POS_001",
    "title": "Lễ tân- Thu ngân",
    "performance_coefficient": 141.0
  }
},
{
  "model": "app_home.position",
  "pk": 21,
  "fields": {
    "created": "2025-09-03T14:37:20.684",
    "user": 1,
    "department": 20,
    "code": "POS_005",
    "title": "Chuyên gia trị liệu dưỡng sinh",
    "performance_coefficient": 127.0
  }
},
{
  "model": "app_home.position",
  "pk": 23,
  "fields": {
    "created": "2025-09-20T11:56:24.797",
    "user": 1,
    "department": 20,
    "code": "KTV-TLDS",
    "title": "Kỹ thuật viên- TLDS",
    "performance_coefficient": 141.0
  }
},
{
  "model": "app_home.position",
  "pk": 24,
  "fields": {
    "created": "2025-09-20T11:57:13.099",
    "user": 1,
    "department": 19,
    "code": "KTV-TLCB",
    "title": "Kỹ thuật viên- TLC",
    "performance_coefficient": 141.0
  }
},
{
  "model": "app_home.floor",
  "pk": 2,
  "fields": {
    "created": "2024-12-21T12:37:17.219",
    "user": 0,
    "name": "Tầng 2",
    "code": "Trị liệu cơ xương khớp",
    "note": "141"
  }
},
{
  "model": "app_home.floor",
  "pk": 9,
  "fields": {
    "created": "2025-08-30T10:50:31.898",
    "user": 0,
    "name": "Tầng 3",
    "code": "Trị liệu dưỡng sinh, giảm cân, điêu khắc",
    "note": "141"
  }
},
{
  "model": "app_home.userprofile",
  "pk": 1,
  "fields": {
    "created": "2025-10-16T12:36:11.650",
    "user": 1,
    "gender": "MA",
    "user_mobile_number": "0987654321",
    "user_address": "Hanoi",
    "image": "THABICARE/app_home/userprofile/meojpgf73xbp.jpg",
    "desc": "",
    "is_admin": true,
    "position": 7,
    "floor": 2,
    "type": "employee"
  }
},
{
  "model": "app_home.user_profile_detail_function",
  "pk": 1,
  "fields": {
    "user_profile": 1,
    "detail_function": 14,
    "is_active": true
  }
},
{
  "model": "app_home.user_profile_detail_function",
  "pk": 2,
  "fields": {
    "user_profile": 1,
    "detail_function": 15,
    "is_active": true
  }
},
{
  "model": "app_home.user_profile_detail_function",
  "pk": 3,
  "fields": {
    "user_profile": 1,
    "detail_function": 41,
    "is_active": true
  }
},
{
  "model": "app_home.user_profile_detail_function",
  "pk": 4,
  "fields": {
    "user_profile": 1,
    "detail_function": 2,
    "is_active": true
  }
},
{
  "model": "app_home.user_profile_detail_function",
  "pk": 5,
  "fields": {
    "user_profile": 1,
    "detail_function": 3,
    "is_active": true
  }
},
{
  "model": "app_home.user_profile_detail_function",
  "pk": 6,
  "fields": {
    "user_profile": 1,
    "detail_function": 4,
    "is_active": true
  }
},
{
  "model": "app_home.user_profile_detail_function",
  "pk": 7,
  "fields": {
    "user_profile": 1,
    "detail_function": 5,
    "is_active": true
  }
},
{
  "model": "app_home.user_profile_detail_function",
  "pk": 8,
  "fields": {
    "user_profile": 1,
    "detail_function": 12,
    "is_active": true
  }
},
{
  "model": "app_home.user_profile_detail_function",
  "pk": 9,
  "fields": {
    "user_profile": 1,
    "detail_function": 13,
    "is_active": true
  }
},
{
  "model": "app_home.user_profile_detail_function",
  "pk": 10,
  "fields": {
    "user_profile": 1,
    "detail_function": 44,
    "is_active": true
  }
},
{
  "model": "app_home.user_profile_detail_function",
  "pk": 11,
  "fields": {
    "user_profile": 1,
    "detail_function": 10,
    "is_active": true
  }
},
{
  "model": "app_home.user_profile_detail_function",
  "pk": 12,
  "fields": {
    "user_profile": 1,
    "detail_function": 11,
    "is_active": true
  }
},
{
  "model": "app_home.user_profile_detail_function",
  "pk": 13,
  "fields": {
    "user_profile": 1,
    "detail_function": 42,
    "is_active": true
  }
},
{
  "model": "app_home.user_profile_detail_function",
  "pk": 14,
  "fields": {
    "user_profile": 1,
    "detail_function": 7,
    "is_active": true
  }
},
{
  "model": "app_home.user_profile_detail_function",
  "pk": 15,
  "fields": {
    "user_profile": 1,
    "detail_function": 8,
    "is_active": true
  }
},
{
  "model": "app_home.user_profile_detail_function",
  "pk": 16,
  "fields": {
    "user_profile": 1,
    "detail_function": 9,
    "is_active": true
  }
},
{
  "model": "app_home.protocol",
  "pk": 2,
  "fields": {
    "created": "2024-12-23T15:51:41.603",
    "user": 103,
    "code": "PROTOCOL_002",
    "name": "Giác hơi",
    "note": "Phương pháp giác hơi"
  }
},
{
  "model": "app_home.protocol",
  "pk": 3,
  "fields": {
    "created": "2024-12-23T15:52:15.954",
    "user": 103,
    "code": "PROTOCOL_003",
    "name": "Chườm ngải",
    "note": "Phương pháp chườm ngải"
  }
},
{
  "model": "app_home.protocol",
  "pk": 4,
  "fields": {
    "created": "2024-12-23T15:52:36.439",
    "user": 103,
    "code": "PROTOCOL_004",
    "name": "Kéo cơ",
    "note": "Phương pháp kéo cơ"
  }
},
{
  "model": "app_home.commission",
  "pk": 2,
  "fields": {
    "created": "2024-12-23T09:50:34.200",
    "user": 103,
    "percentage": 20,
    "note": "Mức hoa hông 20%"
  }
},
{
  "model": "app_home.commission",
  "pk": 3,
  "fields": {
    "created": "2024-12-23T09:50:49.652",
    "user": 103,
    "percentage": 30,
    "note": "Mức hoa hông 30%"
  }
},
{
  "model": "app_home.commission",
  "pk": 4,
  "fields": {
    "created": "2024-12-23T09:51:09.740",
    "user": 103,
    "percentage": 40,
    "note": "Mức hoa hồng 40%"
  }
},
{
  "model": "app_home.discount",
  "pk": 14,
  "fields": {
    "created": "2025-10-16T11:35:35.694",
    "user": 157,
    "name": "Giảm 10%",
    "code": "D9L4VNM6",
    "type": "percentage",
    "rate": 10,
    "start_date": "2025-10-16",
    "end_date": "2026-10-16",
    "note": null
  }
},
{
  "model": "app_home.discount",
  "pk": 15,
  "fields": {
    "created": "2025-10-16T11:35:57.991",
    "user": 157,
    "name": "Giảm 100k",
    "code": "FCQA2VV4",
    "type": "fixed",
    "rate": 100000,
    "start_date": "2025-10-16",
    "end_date": "2026-10-16",
    "note": null
  }
},
{
  "model": "app_home.leadsource",
  "pk": 28,
  "fields": {
    "created": "2025-10-15T16:11:40.199",
    "user": 157,
    "name": "Facebook",
    "color": "#1890ff",
    "note": "",
    "is_fixed": false
  }
},
{
  "model": "app_home.leadsource",
  "pk": 29,
  "fields": {
    "created": "2025-10-16T11:36:12.759",
    "user": 157,
    "name": "Youtube",
    "color": "#f90606",
    "note": null,
    "is_fixed": false
  }
},
{
  "model": "app_home.leadsource",
  "pk": 30,
  "fields": {
    "created": "2025-10-16T11:36:23.605",
    "user": 157,
    "name": "Google",
    "color": "#009973",
    "note": null,
    "is_fixed": false
  }
},
{
  "model": "app_home.leadsourceactor",
  "pk": 6,
  "fields": {
    "created": "2025-10-15T16:12:04.291",
    "source": 28,
    "name": "Nguyễn Minh Anh",
    "code": null,
    "external_id": null,
    "hr_profile": null,
    "note": null
  }
},
{
  "model": "app_home.timeframe",
  "pk": 2,
  "fields": {
    "created": "2024-12-23T10:23:09.975",
    "user": 103,
    "start": "20:00:00",
    "end": "07:00:00",
    "note": "Ca 6"
  }
},
{
  "model": "app_home.timeframe",
  "pk": 3,
  "fields": {
    "created": "2024-12-23T10:23:45.507",
    "user": 103,
    "start": "10:30:00",
    "end": "12:00:00",
    "note": "Ca 4"
  }
},
{
  "model": "app_home.timeframe",
  "pk": 4,
  "fields": {
    "created": "2024-12-23T10:24:02.023",
    "user": 103,
    "start": "09:30:00",
    "end": "10:30:00",
    "note": "Ca 3"
  }
},
{
  "model": "app_home.timeframe",
  "pk": 6,
  "fields": {
    "created": "2025-01-02T23:42:54.851",
    "user": 2,
    "start": "08:00:00",
    "end": "08:30:00",
    "note": "Ca 2"
  }
},
{
  "model": "app_home.unit",
  "pk": 1,
  "fields": {
    "created": "2024-12-25T10:38:30.995",
    "user": 103,
    "name": "Buổi",
    "color": "#0D6EFD",
    "note": "Đơn vị số buổi dành cho dịch vụ"
  }
},
{
  "model": "app_home.unit",
  "pk": 2,
  "fields": {
    "created": "2024-12-25T10:40:38.425",
    "user": 103,
    "name": "Hộp",
    "color": "#58FD14",
    "note": "Đơn vị hộp dành cho sản phẩm"
  }
},
{
  "model": "app_home.unit",
  "pk": 3,
  "fields": {
    "created": "2024-12-25T10:41:11.983",
    "user": 103,
    "name": "Cái",
    "color": "#FD2DC5",
    "note": "Đơn vị cái dành cho vật tư"
  }
},
{
  "model": "app_home.unit",
  "pk": 6,
  "fields": {
    "created": "2024-12-26T09:40:01.915",
    "user": 103,
    "name": "Gói",
    "color": "#fdb576",
    "note": "Đơn vị gói dành cho dịch vụ"
  }
},
{
  "model": "app_home.unit",
  "pk": 14,
  "fields": {
    "created": "2025-09-04T01:19:07.602",
    "user": 127,
    "name": "Hộp/lọ",
    "color": "#009963",
    "note": "Đơn vị dành cho các loại Gel"
  }
},
{
  "model": "app_home.unit",
  "pk": 16,
  "fields": {
    "created": "2025-09-04T01:20:11.941",
    "user": 127,
    "name": "Cuộn",
    "color": "#079cff",
    "note": "Đơn vị dành cho các loại băng cuốn"
  }
},
{
  "model": "app_home.unit",
  "pk": 17,
  "fields": {
    "created": "2025-09-04T01:20:34.585",
    "user": 127,
    "name": "Bộ",
    "color": "#f5006e",
    "note": "Đơn vị dành cho quần áo"
  }
},
{
  "model": "app_home.unit",
  "pk": 19,
  "fields": {
    "created": "2025-10-02T14:23:13.410",
    "user": 141,
    "name": "Lọ",
    "color": "#993300",
    "note": null
  }
},
{
  "model": "app_home.treatmentpackage",
  "pk": 1,
  "fields": {
    "name": "Gói 10 buổi",
    "value": 10,
    "note": ""
  }
},
{
  "model": "app_home.treatmentpackage",
  "pk": 2,
  "fields": {
    "name": "Gói 5 buổi",
    "value": 5,
    "note": ""
  }
},
{
  "model": "app_home.testservice",
  "pk": 1,
  "fields": {
    "code": "OUOWWRJX",
    "name": "Chụp X-Quang",
    "note": ""
  }
},
{
  "model": "app_home.testservice",
  "pk": 2,
  "fields": {
    "code": "2350BYZD",
    "name": "Xét nghiệm máu",
    "note": ""
  }
},
{
  "model": "app_product.techicalsetting",
  "pk": 5,
  "fields": {
    "created": "2025-09-20T11:48:28.139",
    "user": null,
    "name": "Điện xung trị liệu",
    "duration": 20,
    "price": "0.00",
    "is_active": true,
    "type": "TLCB"
  }
},
{
  "model": "app_product.techicalsetting",
  "pk": 6,
  "fields": {
    "created": "2025-09-20T11:48:44.839",
    "user": null,
    "name": "Siêu âm trị liệu",
    "duration": 10,
    "price": "0.00",
    "is_active": true,
    "type": "TLCB"
  }
},
{
  "model": "app_product.techicalsetting",
  "pk": 7,
  "fields": {
    "created": "2025-09-20T11:48:59.914",
    "user": null,
    "name": "Giải cơ bằng súng",
    "duration": 15,
    "price": "0.00",
    "is_active": true,
    "type": "TLCB"
  }
},
{
  "model": "app_product.techicalsetting",
  "pk": 8,
  "fields": {
    "created": "2025-09-20T11:49:13.624",
    "user": null,
    "name": "Giác hơi chân không",
    "duration": 20,
    "price": "0.00",
    "is_active": true,
    "type": "TLCB"
  }
},
{
  "model": "app_product.techicalsetting",
  "pk": 9,
  "fields": {
    "created": "2025-09-20T11:49:29.313",
    "user": null,
    "name": "Trị liệu cơ bằng tay",
    "duration": 10,
    "price": "0.00",
    "is_active": true,
    "type": "TLCB"
  }
},
{
  "model": "app_product.techicalsetting",
  "pk": 10,
  "fields": {
    "created": "2025-09-20T11:49:40.934",
    "user": null,
    "name": "Trị liệu cơ với dụng cụ Graston",
    "duration": 10,
    "price": "0.00",
    "is_active": true,
    "type": "TLCB"
  }
},
{
  "model": "app_product.techicalsetting",
  "pk": 11,
  "fields": {
    "created": "2025-09-20T11:49:54.775",
    "user": null,
    "name": "Kéo giãn đốt sống thắt lưng",
    "duration": 15,
    "price": "0.00",
    "is_active": true,
    "type": "TLCB"
  }
},
{
  "model": "app_product.techicalsetting",
  "pk": 12,
  "fields": {
    "created": "2025-09-20T11:50:05.389",
    "user": null,
    "name": "Kéo giãn đốt sống cổ",
    "duration": 10,
    "price": "0.00",
    "is_active": true,
    "type": "TLCB"
  }
},
{
  "model": "app_product.techicalsetting",
  "pk": 13,
  "fields": {
    "created": "2025-09-20T11:50:15.987",
    "user": null,
    "name": "Trị liệu gân , dây chằng bằng súng nắn chỉnh",
    "duration": 10,
    "price": "0.00",
    "is_active": true,
    "type": "TLCB"
  }
},
{
  "model": "app_product.techicalsetting",
  "pk": 14,
  "fields": {
    "created": "2025-09-20T11:50:27.108",
    "user": null,
    "name": "Đánh giải hàn khí toàn thân",
    "duration": 60,
    "price": "0.00",
    "is_active": true,
    "type": "TLCB"
  }
},
{
  "model": "app_product.techicalsetting",
  "pk": 15,
  "fields": {
    "created": "2025-09-20T11:50:37.243",
    "user": null,
    "name": "Đánh giải hàn khí theo vùng",
    "duration": 30,
    "price": "0.00",
    "is_active": true,
    "type": "TLCB"
  }
},
{
  "model": "app_product.techicalsetting",
  "pk": 16,
  "fields": {
    "created": "2025-09-20T11:50:49.300",
    "user": null,
    "name": "Thăm khám/thực hiện nghiệm pháp thăm khám chuyên sâu về bệnh lý CXK",
    "duration": 40,
    "price": "0.00",
    "is_active": true,
    "type": "TLCB"
  }
},
{
  "model": "app_product.techicalsetting",
  "pk": 17,
  "fields": {
    "created": "2025-09-20T11:51:06.280",
    "user": null,
    "name": "Trị liệu cơ cổ bằng tay xử lý đau đầu cấp",
    "duration": 10,
    "price": "0.00",
    "is_active": true,
    "type": "TLCB"
  }
},
{
  "model": "app_product.techicalsetting",
  "pk": 18,
  "fields": {
    "created": "2025-09-20T11:51:21.034",
    "user": null,
    "name": "Lăn kim + điện châm giải cơ sâu",
    "duration": 30,
    "price": "0.00",
    "is_active": true,
    "type": "TLCB"
  }
},
{
  "model": "app_product.techicalsetting",
  "pk": 19,
  "fields": {
    "created": "2025-09-20T11:51:32.513",
    "user": null,
    "name": "Cài đặt chạy máy Zapper thời gian chạy CT theo bệnh lý CXK",
    "duration": 60,
    "price": "0.00",
    "is_active": true,
    "type": "TLCB"
  }
},
{
  "model": "app_product.techicalsetting",
  "pk": 20,
  "fields": {
    "created": "2025-09-20T11:51:56.315",
    "user": null,
    "name": "Chạy máy plasma",
    "duration": 60,
    "price": "0.00",
    "is_active": true,
    "type": "TLCB"
  }
},
{
  "model": "app_product.techicalsetting",
  "pk": 21,
  "fields": {
    "created": "2025-09-20T11:52:09.785",
    "user": null,
    "name": "Nắn chỉnh đốt sống cổ , thắt lưng , các khớp lớn nhỏ",
    "duration": 10,
    "price": "0.00",
    "is_active": true,
    "type": "TLCB"
  }
},
{
  "model": "app_product.techicalsetting",
  "pk": 22,
  "fields": {
    "created": "2025-09-20T11:52:25.249",
    "user": null,
    "name": "Trích lễ",
    "duration": 10,
    "price": "0.00",
    "is_active": true,
    "type": "TLCB"
  }
},
{
  "model": "app_product.techicalsetting",
  "pk": 23,
  "fields": {
    "created": "2025-09-20T11:52:58.154",
    "user": null,
    "name": "Trị liệu dưỡng sinh kết hợp",
    "duration": 90,
    "price": "50000.00",
    "is_active": true,
    "type": "TLCB"
  }
},
{
  "model": "app_product.techicalsetting",
  "pk": 24,
  "fields": {
    "created": "2025-09-20T11:53:16.842",
    "user": null,
    "name": "Giảm cân",
    "duration": 90,
    "price": "50000.00",
    "is_active": true,
    "type": "TLDS"
  }
},
{
  "model": "app_product.techicalsetting",
  "pk": 25,
  "fields": {
    "created": "2025-09-20T11:53:34.552",
    "user": null,
    "name": "Trị liệu dưỡng sinh Cổ vai gáy",
    "duration": 90,
    "price": "50000.00",
    "is_active": true,
    "type": "TLDS"
  }
},
{
  "model": "app_product.techicalsetting",
  "pk": 26,
  "fields": {
    "created": "2025-09-20T11:53:54.627",
    "user": null,
    "name": "Điêu khắc mặt",
    "duration": 90,
    "price": "60000.00",
    "is_active": true,
    "type": "TLDS"
  }
}
]
